Username,Contributions,InDegreeCentrality,OutDegreeCentrality,BetweennessCentrality,ClosenessCentrality,PageRank,CommunityID
gurusainath,40.0,1.000000,1.000000,0.024575,1.000000,0.124007,0
BifrostTitan,23.0,1.000000,1.000000,0.024575,1.000000,0.124007,0
sriramveeraghanta,37.0,1.000000,1.000000,0.024575,1.000000,0.124007,0
Prince-Shivaram,22.0,1.000000,0.750000,0.013563,0.800000,0.120160,0
KumarRoshan,21.0,0.875000,0.875000,0.010587,0.888889,0.107149,0
ChandanTeerth,19.0,0.875000,0.625000,0.002976,0.727273,0.106226,0
nikhil-task,18.0,0.875000,0.875000,0.009524,0.888889,0.106226,0
pablohashescobar,46.0,0.750000,1.000000,0.009099,1.000000,0.095922,0
rahulramesha,27.0,0.750000,1.000000,0.005527,1.000000,0.092295,0
